fecha,Desde,para,asunto,Prioridad,cuerpo
12-12,juan,pedro,a,1,asd
,juan,,,2,
,juan,,,3,
,juan,,,4,
,juan,,,5,
,juan,,,2,
,juan,,,3,
,juan,,,5,
,juan,,,4,
,juan,,,3,
,juan,,,1
,juan,,,2,
,juan,,,3,
,juan,,,4,
,juan,,,2,
,juan,,,2,

,pedro,,,2,
,pedro,,,3,
,pedro,,,4,
,pedro,,,5,
,pedro,,,2,
,pedro,,,3,
,pedro,,,5,
,juapedron,,,4,
,pedro,,,3,
,pedro,,,1
,pedro,,,2,
,pedro,,,3,
,pedro,,,4,
,pedro,,,2,
,pedro,,,2,
,pedro,,,3,
,pedro,,,4,
,pedro,,,5,
,juan,,,2,
,juaasdn,,,3,
,juan,,,5,
,juasdan,,,4,
,juan,,,3,
,juaasdn,,,1
,juaasdn,,,2,
,juan,,,3,
,juaasdfasdasdasdn,,,4,
,juaaaaaan,,,2,
,juanddddd,,,2,

